[{
    "tokens": 20,
    "vendor_id": "vendor_456",
    "vendor_apy": 12.5,
    "status": "Failed",
    "score": 0.0,
    "validation_result": false,
    "action": "staked",
    "selected_vault": "vendor_456",
    "viewer_id": "user_123",
    "verified_gives": 22,
    "reward_type": "",
    "reward_status": "Failed",
    "photo_path": "./images/sharing.jpg"
},{
    "tokens": 55,
    "vendor_id": "vendor_78",
    "vendor_apy": 9.5,
    "status": "transferred",
    "score": 0.89,
    "validation_result": true,
    "action": "staked",
    "selected_vault": "vendor_78",
    "viewer_id": "user_28",
    "verified_gives": 13,
    "reward_type": "v-buck",
    "reward_status": "delivered",
    "photo_path": "./images/sharing.jpg"
},{
    "tokens": 13,
    "vendor_id": "vendor_36",
    "vendor_apy": 9.9,
    "status": "transferred",
    "score": 0.77,
    "validation_result": true,
    "action": "staked",
    "selected_vault": "vendor_36",
    "viewer_id": "user_46",
    "verified_gives": 11,
    "reward_type": "v-buck",
    "reward_status": "delivered",
    "photo_path": "./images/sharing.jpg"
},{
    "tokens": 8,
    "vendor_id": "vendor_64",
    "vendor_apy": 4.6,
    "status": "Failed",
    "score": 0.46,
    "validation_result": false,
    "action": "staked",
    "selected_vault": "vendor_64",
    "viewer_id": "user_87",
    "verified_gives": 6,
    "reward_type": "",
    "reward_status": "Failed",
    "photo_path": "./images/sharing.jpg"
}]